True Accent,Predicted Accent
ENGLAND ENGLISH,ENGLAND ENGLISH
ENGLAND ENGLISH,UNITED STATES ENGLISH
ENGLAND ENGLISH,ENGLAND ENGLISH
ENGLAND ENGLISH,UNITED STATES ENGLISH
ENGLAND ENGLISH,ENGLAND ENGLISH
ENGLAND ENGLISH,ENGLAND ENGLISH
ENGLAND ENGLISH,ENGLAND ENGLISH
ENGLAND ENGLISH,ENGLAND ENGLISH
ENGLAND ENGLISH,ENGLAND ENGLISH
ENGLAND ENGLISH,ENGLAND ENGLISH
ENGLAND ENGLISH,UNITED STATES ENGLISH
ENGLAND ENGLISH,ENGLAND ENGLISH
ENGLAND ENGLISH,ENGLAND ENGLISH
ENGLAND ENGLISH,UNITED STATES ENGLISH
ENGLAND ENGLISH,UNITED STATES ENGLISH
ENGLAND ENGLISH,ENGLAND ENGLISH
ENGLAND ENGLISH,ENGLAND ENGLISH
ENGLAND ENGLISH,UNITED STATES ENGLISH
ENGLAND ENGLISH,UNITED STATES ENGLISH
ENGLAND ENGLISH,UNITED STATES ENGLISH
ENGLAND ENGLISH,UNITED STATES ENGLISH
ENGLAND ENGLISH,SCOTTISH ENGLISH
ENGLAND ENGLISH,AUSTRALIAN ENGLISH
ENGLAND ENGLISH,ENGLAND ENGLISH
ENGLAND ENGLISH,ENGLAND ENGLISH
ENGLAND ENGLISH,ENGLAND ENGLISH
ENGLAND ENGLISH,ENGLAND ENGLISH
ENGLAND ENGLISH,HONG KONG ENGLISH
ENGLAND ENGLISH,SOUTHERN AFRICAN SOUTH AFRICA ZIMBABWE NAMIBIA
ENGLAND ENGLISH,ENGLAND ENGLISH
ENGLAND ENGLISH,ENGLAND ENGLISH
ENGLAND ENGLISH,ENGLAND ENGLISH
ENGLAND ENGLISH,ENGLAND ENGLISH
ENGLAND ENGLISH,CANADIAN ENGLISH
ENGLAND ENGLISH,AUSTRALIAN ENGLISH
ENGLAND ENGLISH,UNITED STATES ENGLISH
ENGLAND ENGLISH,ENGLAND ENGLISH
ENGLAND ENGLISH,INDIA AND SOUTH ASIA INDIA PAKISTAN SRI LANKA
ENGLAND ENGLISH,CANADIAN ENGLISH
ENGLAND ENGLISH,ENGLAND ENGLISH
ENGLAND ENGLISH,ENGLAND ENGLISH
ENGLAND ENGLISH,ENGLAND ENGLISH
ENGLAND ENGLISH,ENGLAND ENGLISH
ENGLAND ENGLISH,INDIA AND SOUTH ASIA INDIA PAKISTAN SRI LANKA
ENGLAND ENGLISH,INDIA AND SOUTH ASIA INDIA PAKISTAN SRI LANKA
ENGLAND ENGLISH,ENGLAND ENGLISH
ENGLAND ENGLISH,UNITED STATES ENGLISH
ENGLAND ENGLISH,UNITED STATES ENGLISH
ENGLAND ENGLISH,UNITED STATES ENGLISH
ENGLAND ENGLISH,ENGLAND ENGLISH
ENGLAND ENGLISH,ENGLAND ENGLISH
ENGLAND ENGLISH,ENGLAND ENGLISH
ENGLAND ENGLISH,ENGLAND ENGLISH
ENGLAND ENGLISH,ENGLAND ENGLISH
ENGLAND ENGLISH,ENGLAND ENGLISH
ENGLAND ENGLISH,UNITED STATES ENGLISH
ENGLAND ENGLISH,SINGAPOREAN ENGLISH
ENGLAND ENGLISH,INDIA AND SOUTH ASIA INDIA PAKISTAN SRI LANKA
ENGLAND ENGLISH,UNITED STATES ENGLISH
ENGLAND ENGLISH,ENGLAND ENGLISH
ENGLAND ENGLISH,UNITED STATES ENGLISH
ENGLAND ENGLISH,UNITED STATES ENGLISH
ENGLAND ENGLISH,UNITED STATES ENGLISH
ENGLAND ENGLISH,SCOTTISH ENGLISH
ENGLAND ENGLISH,INDIA AND SOUTH ASIA INDIA PAKISTAN SRI LANKA
ENGLAND ENGLISH,INDIA AND SOUTH ASIA INDIA PAKISTAN SRI LANKA
ENGLAND ENGLISH,UNITED STATES ENGLISH
ENGLAND ENGLISH,ENGLAND ENGLISH
ENGLAND ENGLISH,ENGLAND ENGLISH
ENGLAND ENGLISH,ENGLAND ENGLISH
ENGLAND ENGLISH,ENGLAND ENGLISH
ENGLAND ENGLISH,UNITED STATES ENGLISH
ENGLAND ENGLISH,UNITED STATES ENGLISH
ENGLAND ENGLISH,ENGLAND ENGLISH
ENGLAND ENGLISH,ENGLAND ENGLISH
ENGLAND ENGLISH,CANADIAN ENGLISH
ENGLAND ENGLISH,UNITED STATES ENGLISH
ENGLAND ENGLISH,ENGLAND ENGLISH
ENGLAND ENGLISH,UNITED STATES ENGLISH
ENGLAND ENGLISH,INDIA AND SOUTH ASIA INDIA PAKISTAN SRI LANKA
ENGLAND ENGLISH,INDIA AND SOUTH ASIA INDIA PAKISTAN SRI LANKA
ENGLAND ENGLISH,ENGLAND ENGLISH
ENGLAND ENGLISH,ENGLAND ENGLISH
ENGLAND ENGLISH,ENGLAND ENGLISH
ENGLAND ENGLISH,ENGLAND ENGLISH
ENGLAND ENGLISH,ENGLAND ENGLISH
ENGLAND ENGLISH,ENGLAND ENGLISH
ENGLAND ENGLISH,ENGLAND ENGLISH
ENGLAND ENGLISH,ENGLAND ENGLISH
ENGLAND ENGLISH,AUSTRALIAN ENGLISH
ENGLAND ENGLISH,UNITED STATES ENGLISH
ENGLAND ENGLISH,ENGLAND ENGLISH
ENGLAND ENGLISH,UNITED STATES ENGLISH
ENGLAND ENGLISH,ENGLAND ENGLISH
ENGLAND ENGLISH,ENGLAND ENGLISH
ENGLAND ENGLISH,ENGLAND ENGLISH
ENGLAND ENGLISH,CANADIAN ENGLISH
ENGLAND ENGLISH,ENGLAND ENGLISH
ENGLAND ENGLISH,ENGLAND ENGLISH
ENGLAND ENGLISH,ENGLAND ENGLISH
UNITED STATES ENGLISH,ENGLAND ENGLISH
UNITED STATES ENGLISH,UNITED STATES ENGLISH
UNITED STATES ENGLISH,UNITED STATES ENGLISH
UNITED STATES ENGLISH,UNITED STATES ENGLISH
UNITED STATES ENGLISH,AUSTRALIAN ENGLISH
UNITED STATES ENGLISH,UNITED STATES ENGLISH
UNITED STATES ENGLISH,ENGLAND ENGLISH
UNITED STATES ENGLISH,INDIA AND SOUTH ASIA INDIA PAKISTAN SRI LANKA
UNITED STATES ENGLISH,UNITED STATES ENGLISH
UNITED STATES ENGLISH,ENGLAND ENGLISH
UNITED STATES ENGLISH,UNITED STATES ENGLISH
UNITED STATES ENGLISH,UNITED STATES ENGLISH
UNITED STATES ENGLISH,INDIA AND SOUTH ASIA INDIA PAKISTAN SRI LANKA
UNITED STATES ENGLISH,UNITED STATES ENGLISH
UNITED STATES ENGLISH,UNITED STATES ENGLISH
UNITED STATES ENGLISH,UNITED STATES ENGLISH
UNITED STATES ENGLISH,INDIA AND SOUTH ASIA INDIA PAKISTAN SRI LANKA
UNITED STATES ENGLISH,INDIA AND SOUTH ASIA INDIA PAKISTAN SRI LANKA
UNITED STATES ENGLISH,UNITED STATES ENGLISH
UNITED STATES ENGLISH,UNITED STATES ENGLISH
UNITED STATES ENGLISH,AUSTRALIAN ENGLISH
UNITED STATES ENGLISH,UNITED STATES ENGLISH
UNITED STATES ENGLISH,UNITED STATES ENGLISH
UNITED STATES ENGLISH,ENGLAND ENGLISH
UNITED STATES ENGLISH,UNITED STATES ENGLISH
UNITED STATES ENGLISH,CANADIAN ENGLISH
UNITED STATES ENGLISH,ENGLAND ENGLISH
UNITED STATES ENGLISH,ENGLAND ENGLISH
UNITED STATES ENGLISH,UNITED STATES ENGLISH
UNITED STATES ENGLISH,UNITED STATES ENGLISH
UNITED STATES ENGLISH,INDIA AND SOUTH ASIA INDIA PAKISTAN SRI LANKA
UNITED STATES ENGLISH,UNITED STATES ENGLISH
UNITED STATES ENGLISH,UNITED STATES ENGLISH
UNITED STATES ENGLISH,UNITED STATES ENGLISH
UNITED STATES ENGLISH,UNITED STATES ENGLISH
UNITED STATES ENGLISH,UNITED STATES ENGLISH
UNITED STATES ENGLISH,INDIA AND SOUTH ASIA INDIA PAKISTAN SRI LANKA
UNITED STATES ENGLISH,CANADIAN ENGLISH
UNITED STATES ENGLISH,UNITED STATES ENGLISH
UNITED STATES ENGLISH,UNITED STATES ENGLISH
UNITED STATES ENGLISH,UNITED STATES ENGLISH
UNITED STATES ENGLISH,UNITED STATES ENGLISH
UNITED STATES ENGLISH,ENGLAND ENGLISH
UNITED STATES ENGLISH,UNITED STATES ENGLISH
UNITED STATES ENGLISH,ENGLAND ENGLISH
UNITED STATES ENGLISH,INDIA AND SOUTH ASIA INDIA PAKISTAN SRI LANKA
UNITED STATES ENGLISH,UNITED STATES ENGLISH
UNITED STATES ENGLISH,UNITED STATES ENGLISH
UNITED STATES ENGLISH,UNITED STATES ENGLISH
UNITED STATES ENGLISH,UNITED STATES ENGLISH
UNITED STATES ENGLISH,UNITED STATES ENGLISH
UNITED STATES ENGLISH,UNITED STATES ENGLISH
UNITED STATES ENGLISH,UNITED STATES ENGLISH
UNITED STATES ENGLISH,UNITED STATES ENGLISH
UNITED STATES ENGLISH,UNITED STATES ENGLISH
UNITED STATES ENGLISH,UNITED STATES ENGLISH
UNITED STATES ENGLISH,ENGLAND ENGLISH
UNITED STATES ENGLISH,UNITED STATES ENGLISH
UNITED STATES ENGLISH,UNITED STATES ENGLISH
UNITED STATES ENGLISH,UNITED STATES ENGLISH
UNITED STATES ENGLISH,UNITED STATES ENGLISH
UNITED STATES ENGLISH,UNITED STATES ENGLISH
UNITED STATES ENGLISH,UNITED STATES ENGLISH
UNITED STATES ENGLISH,UNITED STATES ENGLISH
UNITED STATES ENGLISH,CANADIAN ENGLISH
UNITED STATES ENGLISH,UNITED STATES ENGLISH
UNITED STATES ENGLISH,UNITED STATES ENGLISH
UNITED STATES ENGLISH,UNITED STATES ENGLISH
UNITED STATES ENGLISH,ENGLAND ENGLISH
UNITED STATES ENGLISH,UNITED STATES ENGLISH
UNITED STATES ENGLISH,UNITED STATES ENGLISH
UNITED STATES ENGLISH,UNITED STATES ENGLISH
UNITED STATES ENGLISH,INDIA AND SOUTH ASIA INDIA PAKISTAN SRI LANKA
UNITED STATES ENGLISH,UNITED STATES ENGLISH
UNITED STATES ENGLISH,UNITED STATES ENGLISH
UNITED STATES ENGLISH,CANADIAN ENGLISH
UNITED STATES ENGLISH,UNITED STATES ENGLISH
UNITED STATES ENGLISH,UNITED STATES ENGLISH
UNITED STATES ENGLISH,UNITED STATES ENGLISH
UNITED STATES ENGLISH,UNITED STATES ENGLISH
UNITED STATES ENGLISH,UNITED STATES ENGLISH
UNITED STATES ENGLISH,UNITED STATES ENGLISH
UNITED STATES ENGLISH,UNITED STATES ENGLISH
UNITED STATES ENGLISH,UNITED STATES ENGLISH
UNITED STATES ENGLISH,UNITED STATES ENGLISH
UNITED STATES ENGLISH,UNITED STATES ENGLISH
UNITED STATES ENGLISH,ENGLAND ENGLISH
UNITED STATES ENGLISH,ENGLAND ENGLISH
UNITED STATES ENGLISH,UNITED STATES ENGLISH
UNITED STATES ENGLISH,UNITED STATES ENGLISH
UNITED STATES ENGLISH,UNITED STATES ENGLISH
UNITED STATES ENGLISH,UNITED STATES ENGLISH
UNITED STATES ENGLISH,SCOTTISH ENGLISH
UNITED STATES ENGLISH,SCOTTISH ENGLISH
UNITED STATES ENGLISH,UNITED STATES ENGLISH
UNITED STATES ENGLISH,UNITED STATES ENGLISH
UNITED STATES ENGLISH,UNITED STATES ENGLISH
UNITED STATES ENGLISH,AUSTRALIAN ENGLISH
UNITED STATES ENGLISH,UNITED STATES ENGLISH
UNITED STATES ENGLISH,INDIA AND SOUTH ASIA INDIA PAKISTAN SRI LANKA
